Workbook

Sheet Lead Tracker
A1: MOXIDENT — Dentist Outreach Tracker
A2: Last updated: March 27, 2026 | Total Leads: 77
A3: Dentist | B3: Practice | C3: Email | D3: Phone | E3: City | F3: State | G3: Email Sent | H3: Status | I3: Last Contact | J3: Next Follow-Up | K3: Days Since Contact | L3: Follow-Up Due? | M3: Response Notes
A4: Dr. Gan | B4: Genuine Smiles Family Dentistry | C4: jade@genuine-smiles.com | D4: +1 425-367-0303 | E4: Everett | F4: WA | G4: 03/27/2026 | H4: Sent — Awaiting Reply | I4: 03/27/2026 | J4: 03/30/2026 | K4: =IF(I4="","",TODAY()-I4) -> 0 | L4: =IF(J4="","",IF(TODAY()>=J4,"YES","No")) -> No
A5: Dr. Vuong | B5: All Smiles NW | C5: anthony.vuong@heartland.com | D5: +1 425-252-9333 | E5: Everett | F5: WA | G5: 03/27/2026 | H5: Sent — Awaiting Reply | I5: 03/27/2026 | J5: 03/30/2026 | K5: =IF(I5="","",TODAY()-I5) -> 0 | L5: =IF(J5="","",IF(TODAY()>=J5,"YES","No")) -> No
A6: Dr. Chen | B6: Pine Lake Family Dentistry | C6: drchen@pinelakefamilydentistry.com | E6: Sammamish | F6: WA | G6: 03/27/2026 | H6: Sent — Awaiting Reply | I6: 03/27/2026 | J6: 03/30/2026 | K6: =IF(I6="","",TODAY()-I6) -> 0 | L6: =IF(J6="","",IF(TODAY()>=J6,"YES","No")) -> No
A7: Dr. Nelson-Glickman | B7: Caron Nelson Glickman, DDS | C7: drcaron@great-smile.com | E7: Duvall | F7: WA | G7: 03/27/2026 | H7: Sent — Awaiting Reply | I7: 03/27/2026 | J7: 03/30/2026 | K7: =IF(I7="","",TODAY()-I7) -> 0 | L7: =IF(J7="","",IF(TODAY()>=J7,"YES","No")) -> No
A8: Dr. Wicklund | B8: WICKLUND DENTAL | C8: dr.wicklund@wicklunddental.com | E8: Bainbridge Island | F8: WA | G8: 03/27/2026 | H8: Sent — Awaiting Reply | I8: 03/27/2026 | J8: 03/30/2026 | K8: =IF(I8="","",TODAY()-I8) -> 0 | L8: =IF(J8="","",IF(TODAY()>=J8,"YES","No")) -> No
A9: Dr. Lightner | B9: Thomas Dentistry | C9: lightner@thomas-dentistry.com | D9: +1 425-821-2526 | E9: Kirkland | F9: WA | G9: 03/27/2026 | H9: Sent — Awaiting Reply | I9: 03/27/2026 | J9: 03/30/2026 | K9: =IF(I9="","",TODAY()-I9) -> 0 | L9: =IF(J9="","",IF(TODAY()>=J9,"YES","No")) -> No
A10: Dr. Kim | B10: Christy A. Kim, D.D.S., P.L.L.C. | C10: christykim@yourbellevuedentist.com | D10: +1 425-883-3800 | E10: Bellevue | F10: WA | G10: 03/27/2026 | H10: Sent — Awaiting Reply | I10: 03/27/2026 | J10: 03/30/2026 | K10: =IF(I10="","",TODAY()-I10) -> 0 | L10: =IF(J10="","",IF(TODAY()>=J10,"YES","No")) -> No
A11: Dr. Krumly | B11: Krumly Dental Care | C11: dr.krumly@krumlydentalcare.com | D11: +1 206-557-4522 | E11: Seattle | F11: WA | G11: 03/27/2026 | H11: Sent — Awaiting Reply | I11: 03/27/2026 | J11: 03/30/2026 | K11: =IF(I11="","",TODAY()-I11) -> 0 | L11: =IF(J11="","",IF(TODAY()>=J11,"YES","No")) -> No
A12: Dr. Woo | B12: W Dentistry | C12: drkariwoo@w-dentistry.com | D12: +1 586-480-2256 | E12: Issaquah | F12: WA | G12: 03/27/2026 | H12: Sent — Awaiting Reply | I12: 03/27/2026 | J12: 03/30/2026 | K12: =IF(I12="","",TODAY()-I12) -> 0 | L12: =IF(J12="","",IF(TODAY()>=J12,"YES","No")) -> No
A13: Dr. Kelley | B13: Kelley Family Dentistry | C13: matthew@kelleyfamilydentistry.com | D13: +1 425-771-3505 | E13: Mountlake Terrace | F13: WA | G13: 03/27/2026 | H13: Sent — Awaiting Reply | I13: 03/27/2026 | J13: 03/30/2026 | K13: =IF(I13="","",TODAY()-I13) -> 0 | L13: =IF(J13="","",IF(TODAY()>=J13,"YES","No")) -> No
A14: Dr. Bauer | B14: Family Dental Care of Bellevue | C14: dr.bauer@familydentalcareofbellevue.com | D14: +1 425-643-5778 | E14: Bellevue | F14: WA | G14: 03/27/2026 | H14: Sent — Awaiting Reply | I14: 03/27/2026 | J14: 03/30/2026 | K14: =IF(I14="","",TODAY()-I14) -> 0 | L14: =IF(J14="","",IF(TODAY()>=J14,"YES","No")) -> No
A15: Dr. Wagar | B15: Benson Hill Smiles | C15: drwagar@bensonhillsmiles.com | E15: Renton | F15: WA | G15: 03/27/2026 | H15: Sent — Awaiting Reply | I15: 03/27/2026 | J15: 03/30/2026 | K15: =IF(I15="","",TODAY()-I15) -> 0 | L15: =IF(J15="","",IF(TODAY()>=J15,"YES","No")) -> No
A16: Dr. Hwang | B16: Creo Dentistry | C16: dan@creodentistry.com | D16: +1 360-502-7217 | E16: Marysville | F16: WA | G16: 03/27/2026 | H16: Sent — Awaiting Reply | I16: 03/27/2026 | J16: 03/30/2026 | K16: =IF(I16="","",TODAY()-I16) -> 0 | L16: =IF(J16="","",IF(TODAY()>=J16,"YES","No")) -> No
A17: Dr. Caldier | B17: Golden Age Dentistry | C17: michelle@michellecaldier.com | E17: Riverside | F17: WA | G17: 03/27/2026 | H17: Sent — Awaiting Reply | I17: 03/27/2026 | J17: 03/30/2026 | K17: =IF(I17="","",TODAY()-I17) -> 0 | L17: =IF(J17="","",IF(TODAY()>=J17,"YES","No")) -> No
A18: Dr. Ament | B18: Michelle J. Ament DDS Bothell Family Dentistry | C18: drament@bothellfamilydentistry.com | D18: +1 425-486-2787 | E18: Bothell | F18: WA | G18: 03/27/2026 | H18: Sent — Awaiting Reply | I18: 03/27/2026 | J18: 03/30/2026 | K18: =IF(I18="","",TODAY()-I18) -> 0 | L18: =IF(J18="","",IF(TODAY()>=J18,"YES","No")) -> No
A19: Dr. Furman | B19: All Smiles Family Dentistry | C19: ilona@asfamilydentistry.com | D19: +1 931-553-6959 | E19: Clarksville | F19: WA | G19: 03/27/2026 | H19: Sent — Awaiting Reply | I19: 03/27/2026 | J19: 03/30/2026 | K19: =IF(I19="","",TODAY()-I19) -> 0 | L19: =IF(J19="","",IF(TODAY()>=J19,"YES","No")) -> No
A20: Dr. Kitts | B20: Soundview Family Dental | C20: yana@soundviewfamilydental.com | D20: +1 425-563-6360 | E20: Edmonds | F20: WA | G20: 03/27/2026 | H20: Sent — Awaiting Reply | I20: 03/27/2026 | J20: 03/30/2026 | K20: =IF(I20="","",TODAY()-I20) -> 0 | L20: =IF(J20="","",IF(TODAY()>=J20,"YES","No")) -> No
A21: Dr. Gerlach | B21: Bellevue Pediatric Dentistry | C21: nolan@kidsdentistofbellevue.com | D21: +1 425-614-3777 | E21: Bellevue | F21: WA | G21: 03/27/2026 | H21: Sent — Awaiting Reply | I21: 03/27/2026 | J21: 03/30/2026 | K21: =IF(I21="","",TODAY()-I21) -> 0 | L21: =IF(J21="","",IF(TODAY()>=J21,"YES","No")) -> No
A22: Dr. Yoon | B22: Bothell Everett Kids Dentistry | C22: tae.yoon@bekidsdentistry.com | D22: +1 425-286-2078 | E22: Bothell | F22: WA | G22: 03/27/2026 | H22: Sent — Awaiting Reply | I22: 03/27/2026 | J22: 03/30/2026 | K22: =IF(I22="","",TODAY()-I22) -> 0 | L22: =IF(J22="","",IF(TODAY()>=J22,"YES","No")) -> No
A23: Dr. Posthuma | B23: The Tooth Ferry | C23: kidsonly@toothferrydentistry.com | E23: Friday Harbor | F23: WA | G23: 03/27/2026 | H23: Sent — Awaiting Reply | I23: 03/27/2026 | J23: 03/30/2026 | K23: =IF(I23="","",TODAY()-I23) -> 0 | L23: =IF(J23="","",IF(TODAY()>=J23,"YES","No")) -> No
A24: Dr. Riley | B24: Northwest Dental Medicine | C24: drriley@nwdentalmed.com | D24: +1 253-845-9507 | E24: Puyallup | F24: WA | G24: 03/27/2026 | H24: Sent — Awaiting Reply | I24: 03/27/2026 | J24: 03/30/2026 | K24: =IF(I24="","",TODAY()-I24) -> 0 | L24: =IF(J24="","",IF(TODAY()>=J24,"YES","No")) -> No
A25: Dr. Minahan | B25: Minahan Dental | C25: dral@minahandental.com | E25: Seattle | F25: WA | G25: 03/27/2026 | H25: Sent — Awaiting Reply | I25: 03/27/2026 | J25: 03/30/2026 | K25: =IF(I25="","",TODAY()-I25) -> 0 | L25: =IF(J25="","",IF(TODAY()>=J25,"YES","No")) -> No
A26: Dr. Rasmussen | B26: LEIF RASMUSSEN, DDS, PLLC | C26: lrasmussen@vashondental.com | E26: Vashon | F26: WA | G26: 03/27/2026 | H26: Sent — Awaiting Reply | I26: 03/27/2026 | J26: 03/30/2026 | K26: =IF(I26="","",TODAY()-I26) -> 0 | L26: =IF(J26="","",IF(TODAY()>=J26,"YES","No")) -> No
A27: Dr. Seuk | B27: Lake Union Family Dental | C27: gseuk@lakeunionfamilydental.com | E27: Seattle | F27: WA | G27: 03/27/2026 | H27: Sent — Awaiting Reply | I27: 03/27/2026 | J27: 03/30/2026 | K27: =IF(I27="","",TODAY()-I27) -> 0 | L27: =IF(J27="","",IF(TODAY()>=J27,"YES","No")) -> No
A28: Dr. Ahn | B28: Federal Way Modern Dentistry | C28: jahn@federalwaymoderndentistry.com | D28: +1 253-432-8942 | E28: Federal Way | F28: WA | G28: 03/27/2026 | H28: Sent — Awaiting Reply | I28: 03/27/2026 | J28: 03/30/2026 | K28: =IF(I28="","",TODAY()-I28) -> 0 | L28: =IF(J28="","",IF(TODAY()>=J28,"YES","No")) -> No
A29: Dr. Lebeau | B29: Lebeau Dental | C29: dene@lebeaudental.com | D29: '+1 425-251-3535 | E29: Renton | F29: WA | G29: 03/27/2026 | H29: Sent — Awaiting Reply | I29: 03/27/2026 | J29: 03/30/2026 | K29: =IF(I29="","",TODAY()-I29) -> 0 | L29: =IF(J29="","",IF(TODAY()>=J29,"YES","No")) -> No
A30: Dr. Letwin | B30: Seattle Special Care Dentistry | C30: nletwin@sscdentistry.com | D30: '+1 206-524-1600 | E30: Seattle | F30: WA | G30: 03/27/2026 | H30: Sent — Awaiting Reply | I30: 03/27/2026 | J30: 03/30/2026 | K30: =IF(I30="","",TODAY()-I30) -> 0 | L30: =IF(J30="","",IF(TODAY()>=J30,"YES","No")) -> No
A31: Dr. Goyer | B31: Inland Family Dentistry | C31: ngoyer@ifdww.com | E31: Kennewick | F31: WA | G31: 03/27/2026 | H31: Sent — Awaiting Reply | I31: 03/27/2026 | J31: 03/30/2026 | K31: =IF(I31="","",TODAY()-I31) -> 0 | L31: =IF(J31="","",IF(TODAY()>=J31,"YES","No")) -> No
A32: Dr. Sulaiman | B32: Pacific Prosthodontics | C32: frankie@pacificprosthodontics.com | D32: '+1 206-522-5300 | E32: Seattle | F32: WA | G32: 03/27/2026 | H32: Sent — Awaiting Reply | I32: 03/27/2026 | J32: 03/30/2026 | K32: =IF(I32="","",TODAY()-I32) -> 0 | L32: =IF(J32="","",IF(TODAY()>=J32,"YES","No")) -> No
A33: Dr. Trieu | B33: North Everett Family Dental | C33: ktrieu@familydentistry.com | E33: Seattle | F33: WA | G33: 03/27/2026 | H33: Sent — Awaiting Reply | I33: 03/27/2026 | J33: 03/30/2026 | K33: =IF(I33="","",TODAY()-I33) -> 0 | L33: =IF(J33="","",IF(TODAY()>=J33,"YES","No")) -> No
A34: Dr. Hou | B34: Sound Orthodontics | C34: drjack@soundorthodontics.com | D34: '+1 206-935-2414 | E34: Seattle | F34: WA | G34: 03/27/2026 | H34: Sent — Awaiting Reply | I34: 03/27/2026 | J34: 03/30/2026 | K34: =IF(I34="","",TODAY()-I34) -> 0 | L34: =IF(J34="","",IF(TODAY()>=J34,"YES","No")) -> No
A35: Dr. Hasegawa | B35: Hasegawa Family & Esthetic Dentistry | C35: p.hasegawa@hasegawadds.com | E35: Seattle | F35: WA | G35: 03/27/2026 | H35: Sent — Awaiting Reply | I35: 03/27/2026 | J35: 03/30/2026 | K35: =IF(I35="","",TODAY()-I35) -> 0 | L35: =IF(J35="","",IF(TODAY()>=J35,"YES","No")) -> No
A36: Dr. Ness | B36: Ness Family Dentistry | C36: shane@shanenessdds.com | E36: Redmond | F36: WA | G36: 03/27/2026 | H36: Sent — Awaiting Reply | I36: 03/27/2026 | J36: 03/30/2026 | K36: =IF(I36="","",TODAY()-I36) -> 0 | L36: =IF(J36="","",IF(TODAY()>=J36,"YES","No")) -> No
A37: Dr. Magnuson | B37: Premier Sleep | C37: drcarrie@premiersleepassociates.com | D37: '+1 360-979-1537 | E37: Bellevue | F37: WA | G37: 03/27/2026 | H37: Sent — Awaiting Reply | I37: 03/27/2026 | J37: 03/30/2026 | K37: =IF(I37="","",TODAY()-I37) -> 0 | L37: =IF(J37="","",IF(TODAY()>=J37,"YES","No")) -> No
A38: Dr. Bickel | B38: Redmond Art of Dentistry | C38: dbickel@myredmonddentist.com | D38: '+1 425-883-1331 | E38: Redmond | F38: WA | G38: 03/27/2026 | H38: Sent — Awaiting Reply | I38: 03/27/2026 | J38: 03/30/2026 | K38: =IF(I38="","",TODAY()-I38) -> 0 | L38: =IF(J38="","",IF(TODAY()>=J38,"YES","No")) -> No
A39: Dr. Becker | B39: Kids On 1st Dentistry | C39: mbecker@kidson1st.com | D39: '+1 253-517-7780 | E39: Seattle | F39: WA | G39: 03/27/2026 | H39: Sent — Awaiting Reply | I39: 03/27/2026 | J39: 03/30/2026 | K39: =IF(I39="","",TODAY()-I39) -> 0 | L39: =IF(J39="","",IF(TODAY()>=J39,"YES","No")) -> No
A40: Dr. Sanders | B40: Sanders Family Dental | C40: dr.sanders@sandersfamily.dental | E40: Spokane | F40: WA | G40: 03/27/2026 | H40: Sent — Awaiting Reply | I40: 03/27/2026 | J40: 03/30/2026 | K40: =IF(I40="","",TODAY()-I40) -> 0 | L40: =IF(J40="","",IF(TODAY()>=J40,"YES","No")) -> No
A41: Dr. Moss | B41: Cooper Moss Advanced Dentistry | C41: drjmoss@olympiaadvanceddentistry.com | D41: '+1 360-357-8075 | E41: Olympia | F41: WA | G41: 03/27/2026 | H41: Sent — Awaiting Reply | I41: 03/27/2026 | J41: 03/30/2026 | K41: =IF(I41="","",TODAY()-I41) -> 0 | L41: =IF(J41="","",IF(TODAY()>=J41,"YES","No")) -> No
A42: Dr. Tobler | B42: Ballard Dental Arts | C42: drtobler@ballarddentalarts.com | D42: '+1 206-784-3740 | E42: Seattle | F42: WA | G42: 03/27/2026 | H42: Sent — Awaiting Reply | I42: 03/27/2026 | J42: 03/30/2026 | K42: =IF(I42="","",TODAY()-I42) -> 0 | L42: =IF(J42="","",IF(TODAY()>=J42,"YES","No")) -> No
A43: Dr. Simonds | B43: Liberty Lake Dental Care | C43: ross@drsimonds.com | D43: '+1 509-893-1119 | E43: Liberty Lake | F43: WA | G43: 03/27/2026 | H43: Sent — Awaiting Reply | I43: 03/27/2026 | J43: 03/30/2026 | K43: =IF(I43="","",TODAY()-I43) -> 0 | L43: =IF(J43="","",IF(TODAY()>=J43,"YES","No")) -> No
A44: Dr. McDonald | B44: A Kids Place Dentistry for Children | C44: drmcdonald@akidsplacedentistry.com | E44: Renton | F44: WA | G44: 03/27/2026 | H44: Sent — Awaiting Reply | I44: 03/27/2026 | J44: 03/30/2026 | K44: =IF(I44="","",TODAY()-I44) -> 0 | L44: =IF(J44="","",IF(TODAY()>=J44,"YES","No")) -> No
A45: Dr. Iversen | B45: Junction Dental | C45: peteiversen@junction-dental.com | D45: '+1 206-935-5522 | E45: Seattle | F45: WA | G45: 03/27/2026 | H45: Sent — Awaiting Reply | I45: 03/27/2026 | J45: 03/30/2026 | K45: =IF(I45="","",TODAY()-I45) -> 0 | L45: =IF(J45="","",IF(TODAY()>=J45,"YES","No")) -> No
A46: Dr. Giswold | B46: Saratoga Dental | C46: drbradengiswold@saratoga-dental.com | D46: '+1 360-221-6373 | E46: Langley | F46: WA | G46: 03/27/2026 | H46: Sent — Awaiting Reply | I46: 03/27/2026 | J46: 03/30/2026 | K46: =IF(I46="","",TODAY()-I46) -> 0 | L46: =IF(J46="","",IF(TODAY()>=J46,"YES","No")) -> No
A47: Dr. Parmar | B47: Rewards Dental | C47: burien@rewardsdental.com | D47: '+1 206-343-0000 | E47: Bellevue | F47: WA | G47: 03/27/2026 | H47: Sent — Awaiting Reply | I47: 03/27/2026 | J47: 03/30/2026 | K47: =IF(I47="","",TODAY()-I47) -> 0 | L47: =IF(J47="","",IF(TODAY()>=J47,"YES","No")) -> No
A48: Dr. Su | B48: Redmond Kids Dentistry | C48: drsteph@redmondkidsdentistry.com | E48: Redmond | F48: WA | G48: 03/27/2026 | H48: Sent — Awaiting Reply | I48: 03/27/2026 | J48: 03/30/2026 | K48: =IF(I48="","",TODAY()-I48) -> 0 | L48: =IF(J48="","",IF(TODAY()>=J48,"YES","No")) -> No
A49: Dr. Cooley | B49: Cooleysmiles | C49: aaron@cooleysmiles.com | D49: '+1 425-998-6998 | E49: Bellevue | F49: WA | G49: 03/27/2026 | H49: Sent — Awaiting Reply | I49: 03/27/2026 | J49: 03/30/2026 | K49: =IF(I49="","",TODAY()-I49) -> 0 | L49: =IF(J49="","",IF(TODAY()>=J49,"YES","No")) -> No
A50: Dr. Velis | B50: Velis Family Dental Care | C50: nick@velisdental.com | D50: '+1 509-924-8200 | E50: Spokane | F50: WA | G50: 03/27/2026 | H50: Sent — Awaiting Reply | I50: 03/27/2026 | J50: 03/30/2026 | K50: =IF(I50="","",TODAY()-I50) -> 0 | L50: =IF(J50="","",IF(TODAY()>=J50,"YES","No")) -> No
A51: Dr. Tomala | B51: Burien Endodontics | C51: matthew@burienendo.com | E51: Seattle | F51: WA | G51: 03/27/2026 | H51: Sent — Awaiting Reply | I51: 03/27/2026 | J51: 03/30/2026 | K51: =IF(I51="","",TODAY()-I51) -> 0 | L51: =IF(J51="","",IF(TODAY()>=J51,"YES","No")) -> No
A52: Dr. Fraker | B52: Green Lake Dental Care | C52: sarah@greenlakedentalcare.com | D52: '+1 206-525-4994 | E52: Seattle | F52: WA | G52: 03/27/2026 | H52: Sent — Awaiting Reply | I52: 03/27/2026 | J52: 03/30/2026 | K52: =IF(I52="","",TODAY()-I52) -> 0 | L52: =IF(J52="","",IF(TODAY()>=J52,"YES","No")) -> No
A53: Dr. Ohara | B53: Edmonds Orthodontics | C53: drohara@edmondsorthodontics.com | D53: '+1 425-977-2505 | E53: Seattle | F53: WA | G53: 03/27/2026 | H53: Sent — Awaiting Reply | I53: 03/27/2026 | J53: 03/30/2026 | K53: =IF(I53="","",TODAY()-I53) -> 0 | L53: =IF(J53="","",IF(TODAY()>=J53,"YES","No")) -> No
A54: Dr. Finnessy | B54: Bellevue Dental Health | C54: drlibbi@bellevuedentalhealth.com | D54: '+1 425-641-3311 | E54: Bellevue | F54: WA | G54: 03/27/2026 | H54: Sent — Awaiting Reply | I54: 03/27/2026 | J54: 03/30/2026 | K54: =IF(I54="","",TODAY()-I54) -> 0 | L54: =IF(J54="","",IF(TODAY()>=J54,"YES","No")) -> No
A55: Dr. Hoang | B55: CHC OF SNOHOMISH COUNTY 112TH DENTAL | C55: nhoang@chcsno.org | E55: Redmond | F55: WA | G55: 03/27/2026 | H55: Sent — Awaiting Reply | I55: 03/27/2026 | J55: 03/30/2026 | K55: =IF(I55="","",TODAY()-I55) -> 0 | L55: =IF(J55="","",IF(TODAY()>=J55,"YES","No")) -> No
A56: Dr. Jun | B56: Mint Kids Dentistry | C56: soojun@mintkidsdentistry.com | D56: '+1 425-321-0833 | E56: Bellevue | F56: WA | G56: 03/27/2026 | H56: Sent — Awaiting Reply | I56: 03/27/2026 | J56: 03/30/2026 | K56: =IF(I56="","",TODAY()-I56) -> 0 | L56: =IF(J56="","",IF(TODAY()>=J56,"YES","No")) -> No
A57: Dr. Kang | B57: Endodontics Seattle | C57: mkang@endodonticsseattle.com | D57: '+1 206-624-8313 | E57: Seattle | F57: WA | G57: 03/27/2026 | H57: Sent — Awaiting Reply | I57: 03/27/2026 | J57: 03/30/2026 | K57: =IF(I57="","",TODAY()-I57) -> 0 | L57: =IF(J57="","",IF(TODAY()>=J57,"YES","No")) -> No
A58: Dr. Nguyen | B58: Southcenter Modern Dentistry | C58: smile@southcentermoderndentistry.com | D58: '+1 253-395-5555 | E58: Seattle | F58: WA | G58: 03/27/2026 | H58: Sent — Awaiting Reply | I58: 03/27/2026 | J58: 03/30/2026 | K58: =IF(I58="","",TODAY()-I58) -> 0 | L58: =IF(J58="","",IF(TODAY()>=J58,"YES","No")) -> No
A59: Dr. Sorensen | B59: Sorensen Orthodontics | C59: drsorensen@sorensenortho.com | D59: '+1 206-937-6089 | E59: Seattle | F59: WA | G59: 03/27/2026 | H59: Sent — Awaiting Reply | I59: 03/27/2026 | J59: 03/30/2026 | K59: =IF(I59="","",TODAY()-I59) -> 0 | L59: =IF(J59="","",IF(TODAY()>=J59,"YES","No")) -> No
A60: Dr. Kim | B60: Jen Kim Family & Cosmetic Dentistry | C60: drkim@jenkimdentistry.com | D60: '+1 425-284-4450 | E60: Seattle | F60: WA | G60: 03/27/2026 | H60: Sent — Awaiting Reply | I60: 03/27/2026 | J60: 03/30/2026 | K60: =IF(I60="","",TODAY()-I60) -> 0 | L60: =IF(J60="","",IF(TODAY()>=J60,"YES","No")) -> No
A61: Dr. Ludena | B61: Green Lake Dental Care | C61: kludena@greenlakedentalcare.com | D61: '+1 206-525-4994 | E61: Seattle | F61: WA | G61: 03/27/2026 | H61: Sent — Awaiting Reply | I61: 03/27/2026 | J61: 03/30/2026 | K61: =IF(I61="","",TODAY()-I61) -> 0 | L61: =IF(J61="","",IF(TODAY()>=J61,"YES","No")) -> No
A62: Dr. Kim | B62: Everyone By One | C62: sjk@everyonebyone.com | D62: '+1 425-289-1918 | E62: Bellevue | F62: WA | G62: 03/27/2026 | H62: Sent — Awaiting Reply | I62: 03/27/2026 | J62: 03/30/2026 | K62: =IF(I62="","",TODAY()-I62) -> 0 | L62: =IF(J62="","",IF(TODAY()>=J62,"YES","No")) -> No
A63: Dr. Bushman | B63: Spokane Family Dental | C63: ryan@spokanefamilydental.com | D63: '+1 509-924-0381 | E63: Spokane | F63: WA | G63: 03/27/2026 | H63: Sent — Awaiting Reply | I63: 03/27/2026 | J63: 03/30/2026 | K63: =IF(I63="","",TODAY()-I63) -> 0 | L63: =IF(J63="","",IF(TODAY()>=J63,"YES","No")) -> No
A64: Dr. Roos | B64: Roos Orthodontics | C64: drroos@roosortho.com | D64: '+1 425-885-1642 | E64: Redmond | F64: WA | G64: 03/27/2026 | H64: Sent — Awaiting Reply | I64: 03/27/2026 | J64: 03/30/2026 | K64: =IF(I64="","",TODAY()-I64) -> 0 | L64: =IF(J64="","",IF(TODAY()>=J64,"YES","No")) -> No
A65: Dr. Studeny | B65: Aesthetic Smiles | C65: mark@southcenterdds.com | D65: '+1 425-656-9025 | E65: Seattle | F65: WA | G65: 03/27/2026 | H65: Sent — Awaiting Reply | I65: 03/27/2026 | J65: 03/30/2026 | K65: =IF(I65="","",TODAY()-I65) -> 0 | L65: =IF(J65="","",IF(TODAY()>=J65,"YES","No")) -> No
A66: Dr. Dental | B66: Spektor Dental Center | C66: brittanne@spektordental.com | E66: Kirkland | F66: WA | G66: 03/27/2026 | H66: Sent — Awaiting Reply | I66: 03/27/2026 | J66: 03/30/2026 | K66: =IF(I66="","",TODAY()-I66) -> 0 | L66: =IF(J66="","",IF(TODAY()>=J66,"YES","No")) -> No
A67: Dr. Goldberg | B67: Lynnwood Kids Dentist | C67: dr.goldberg@kidsdentist.com | D67: '+1 425-774-1285 | E67: Seattle | F67: WA | G67: 03/27/2026 | H67: Sent — Awaiting Reply | I67: 03/27/2026 | J67: 03/30/2026 | K67: =IF(I67="","",TODAY()-I67) -> 0 | L67: =IF(J67="","",IF(TODAY()>=J67,"YES","No")) -> No
A68: Dr. Korsmo | B68: Puyallup Family Dental | C68: lars.korsmo@puyallupparkdental.com | D68: '+1 253-770-0529 | E68: Tacoma | F68: WA | G68: 03/27/2026 | H68: Sent — Awaiting Reply | I68: 03/27/2026 | J68: 03/30/2026 | K68: =IF(I68="","",TODAY()-I68) -> 0 | L68: =IF(J68="","",IF(TODAY()>=J68,"YES","No")) -> No
A69: Dr. Lee | B69: Greenlake Family Dentistry | C69: rachel@greenlakefamilydentistry.biz | D69: '+1 206-633-3686 | E69: Seattle | F69: WA | G69: 03/27/2026 | H69: Sent — Awaiting Reply | I69: 03/27/2026 | J69: 03/30/2026 | K69: =IF(I69="","",TODAY()-I69) -> 0 | L69: =IF(J69="","",IF(TODAY()>=J69,"YES","No")) -> No
A70: Dr. Klingel | B70: DESERT SUN DENTAL | C70: drgreg@desertsundental.com | D70: '+1 509-785-6491 | E70: Quincy | F70: WA | G70: 03/27/2026 | H70: Sent — Awaiting Reply | I70: 03/27/2026 | J70: 03/30/2026 | K70: =IF(I70="","",TODAY()-I70) -> 0 | L70: =IF(J70="","",IF(TODAY()>=J70,"YES","No")) -> No
A71: Dr. Tran | B71: NORMAN BOLOSAN, DDS, PC | C71: stran@bolodent.com | D71: '+1 425-486-7764 | E71: Seattle | F71: WA | G71: 03/27/2026 | H71: Sent — Awaiting Reply | I71: 03/27/2026 | J71: 03/30/2026 | K71: =IF(I71="","",TODAY()-I71) -> 0 | L71: =IF(J71="","",IF(TODAY()>=J71,"YES","No")) -> No
A72: Dr. Thomas | B72: Thomas Dentistry | C72: troy@thomas-dentistry.com | D72: '+1 425-821-2526 | E72: Kirkland | F72: WA | G72: 03/27/2026 | H72: Sent — Awaiting Reply | I72: 03/27/2026 | J72: 03/30/2026 | K72: =IF(I72="","",TODAY()-I72) -> 0 | L72: =IF(J72="","",IF(TODAY()>=J72,"YES","No")) -> No
A73: Dr. Linsenmayer | B73: SEATTLE KIDS DENTISTRY | C73: kristi.linsenmayer@seattlekidsdentistry.com | D73: '+1 206-743-8660 | E73: Seattle | F73: WA | G73: 03/27/2026 | H73: Sent — Awaiting Reply | I73: 03/27/2026 | J73: 03/30/2026 | K73: =IF(I73="","",TODAY()-I73) -> 0 | L73: =IF(J73="","",IF(TODAY()>=J73,"YES","No")) -> No
A74: Dr. Cohenca | B74: INTERNATIONAL ASSOCIATION OF DENTAL TRAUMATOLOGY | C74: nestor@prime-endodontics.com | D74: '+1 858-272-1018 | E74: Kirkland | F74: WA | G74: 03/27/2026 | H74: Sent — Awaiting Reply | I74: 03/27/2026 | J74: 03/30/2026 | K74: =IF(I74="","",TODAY()-I74) -> 0 | L74: =IF(J74="","",IF(TODAY()>=J74,"YES","No")) -> No
A75: Dr. Waldbaum | B75: Toni Calvo-Waldbaum, DDS | C75: toni@tonicalvowaldbaum.com | E75: Seattle | F75: WA | G75: 03/27/2026 | H75: Sent — Awaiting Reply | I75: 03/27/2026 | J75: 03/30/2026 | K75: =IF(I75="","",TODAY()-I75) -> 0 | L75: =IF(J75="","",IF(TODAY()>=J75,"YES","No")) -> No
A76: Dr. Chilton | B76: St. Anne (Highline Medical Center) | C76: drpaul@olympicviewdental.com | D76: '+1 888-825-3227 | E76: Seattle | F76: WA | G76: 03/27/2026 | H76: Sent — Awaiting Reply | I76: 03/27/2026 | J76: 03/30/2026 | K76: =IF(I76="","",TODAY()-I76) -> 0 | L76: =IF(J76="","",IF(TODAY()>=J76,"YES","No")) -> No
A77: Dr. Johnson | B77: Seattle Special Care Dentistry | C77: bartj@sscdentistry.com | D77: '+1 206-524-1600 | E77: Seattle | F77: WA | G77: 03/27/2026 | H77: Sent — Awaiting Reply | I77: 03/27/2026 | J77: 03/30/2026 | K77: =IF(I77="","",TODAY()-I77) -> 0 | L77: =IF(J77="","",IF(TODAY()>=J77,"YES","No")) -> No
A78: Dr. Amato | B78: Amato Dental Group | C78: dramato@amatodentalgroup.com | D78: '+1 206-626-5400 | E78: Seattle | F78: WA | G78: 03/27/2026 | H78: Sent — Awaiting Reply | I78: 03/27/2026 | J78: 03/30/2026 | K78: =IF(I78="","",TODAY()-I78) -> 0 | L78: =IF(J78="","",IF(TODAY()>=J78,"YES","No")) -> No
A79: Dr. O'Donnell | B79: Maple Valley Family Dental Care | C79: rodonnell@maplevalleysmiles.com | D79: '+1 425-413-8525 | E79: Seattle | F79: WA | G79: 03/27/2026 | H79: Sent — Awaiting Reply | I79: 03/27/2026 | J79: 03/30/2026 | K79: =IF(I79="","",TODAY()-I79) -> 0 | L79: =IF(J79="","",IF(TODAY()>=J79,"YES","No")) -> No
A80: Dr. Face | B80: North Seattle Dental | C80: sface@northseattledental.com | D80: '+1 206-524-1000 | E80: Seattle | F80: WA | G80: 03/27/2026 | H80: Sent — Awaiting Reply | I80: 03/27/2026 | J80: 03/30/2026 | K80: =IF(I80="","",TODAY()-I80) -> 0 | L80: =IF(J80="","",IF(TODAY()>=J80,"YES","No")) -> No

Sheet Dashboard
A1: MOXIDENT — Outreach Dashboard
A3: Total Leads | B3: Awaiting Reply | C3: Interested | D3: Meetings Set | E3: Onboarded | F3: Follow-Ups Due
A4: =COUNTA('Lead Tracker'!A4:A80) -> 77 | B4: =COUNTIF('Lead Tracker'!H4:H80,"Sent — Awaiting Reply")+COUNTIF('Lead Tracker'!H4:H80,"Follow-Up Sent") -> 77 | C4: =COUNTIF('Lead Tracker'!H4:H80,"Replied — Interested") -> 0 | D4: =COUNTIF('Lead Tracker'!H4:H80,"Meeting Scheduled") -> 0 | E4: =COUNTIF('Lead Tracker'!H4:H80,"Onboarded") -> 0 | F4: =COUNTIF('Lead Tracker'!L4:L80,"YES") -> 0
A7: Pipeline Breakdown
A8: Status | B8: Count | C8: % of Total
A9: Sent — Awaiting Reply | B9: =COUNTIF('Lead Tracker'!H4:H80,A9) -> 77 | C9: =IF(B9=0,"-",B9/COUNTA('Lead Tracker'!A4:A80)) -> 1
A10: Follow-Up Sent | B10: =COUNTIF('Lead Tracker'!H4:H80,A10) -> 0 | C10: =IF(B10=0,"-",B10/COUNTA('Lead Tracker'!A4:A80)) -> -
A11: Replied — Interested | B11: =COUNTIF('Lead Tracker'!H4:H80,A11) -> 0 | C11: =IF(B11=0,"-",B11/COUNTA('Lead Tracker'!A4:A80)) -> -
A12: Replied — Not Interested | B12: =COUNTIF('Lead Tracker'!H4:H80,A12) -> 0 | C12: =IF(B12=0,"-",B12/COUNTA('Lead Tracker'!A4:A80)) -> -
A13: Meeting Scheduled | B13: =COUNTIF('Lead Tracker'!H4:H80,A13) -> 0 | C13: =IF(B13=0,"-",B13/COUNTA('Lead Tracker'!A4:A80)) -> -
A14: Onboarded | B14: =COUNTIF('Lead Tracker'!H4:H80,A14) -> 0 | C14: =IF(B14=0,"-",B14/COUNTA('Lead Tracker'!A4:A80)) -> -
A15: No Response | B15: =COUNTIF('Lead Tracker'!H4:H80,A15) -> 0 | C15: =IF(B15=0,"-",B15/COUNTA('Lead Tracker'!A4:A80)) -> -
A16: Bounced | B16: =COUNTIF('Lead Tracker'!H4:H80,A16) -> 0 | C16: =IF(B16=0,"-",B16/COUNTA('Lead Tracker'!A4:A80)) -> -
A18: Response Rate | B18: =COUNTIFS('Lead Tracker'!H4:H80,"<>Sent — Awaiting Reply",'Lead Tracker'!H4:H80,"<>Follow-Up Sent",'Lead Tracker'!H4:H80,"<>No Response",'Lead Tracker'!H4:H80,"<>Bounced",'Lead Tracker'!H4:H80,"<>") -> 0 | C18: =IF(B18=0,"-",B18/COUNTA('Lead Tracker'!A4:A80)) -> -

Sheet Follow-Up Cadence
A1: Follow-Up Cadence Guide
A3: Touchpoint | B3: Timing | C3: Channel | D3: Action
A4: 1st Email | B4: Day 0 | C4: Email | D4: Send initial outreach (done via drafts)
A5: 2nd Email | B5: Day 3 | C5: Email | D5: Gentle follow-up — reference first email
A6: 3rd Email | B6: Day 7 | C6: Email | D6: Add value — share a quick stat or insight
A7: Phone Call | B7: Day 10 | C7: Phone | D7: Quick call — introduce yourself, reference emails
A8: 4th Email | B8: Day 14 | C8: Email | D8: Final follow-up — leave door open
A9: Mark Cold | B9: Day 21 | C9: — | D9: If no response, mark as No Response
A11: Follow-Up Email Templates
A13: Follow-Up #1 (Day 3) | B13: Subject: re: quick question Hi Dr. [Name], Just circling back — I had another emergency patient situation yesterday and it reminded me to follow up. Would your office be open to receiving same-day emergency referrals when you have availability? No cost unless the patient shows. Allen Hafezipour Founder, Moxident (425) 403-6723
A21: Follow-Up #2 (Day 7) | B21: Subject: quick stat for your area Hi Dr. [Name], On average, we're seeing 3-4 emergency patients per week in your area who can't find same-day care. I'm building a small network of clinics to route these patients to. Would you be open to a quick conversation about how it works? moxident.com/dentist/survey Allen Hafezipour Founder, Moxident (425) 403-6723
A29: Final Follow-Up (Day 14) | B29: Subject: last note from me Hi Dr. [Name], I know you're busy so I'll keep this short — I won't follow up again, but if you ever want to receive same-day emergency patient referrals, the door is always open. moxident.com/dentist/survey Allen Hafezipour Founder, Moxident (425) 403-6723
